url,nom,secteur_activite,adresse,code_postal,ville,pays,telephone,site_web
https://www.google.com/maps/place/Aquapark+Parisot+82+%28Base+nautique+et+Buvette%29/data=!4m7!3m6!1s0x12adad2fa4e28bfd:0xd9c83c4e3b3aef8e!8m2!3d44.2706383!4d1.8682246!16s%2Fg%2F11vxgqjyh9!19sChIJ_YvipC-trRIRju86O048yNk?authuser=0&hl=fr&rclk=1,Aquapark Parisot 82 (Base nautique et Buvette),Parc aquatique,"
Midi-Pyrenees, France FR Lac de, 82160 Parisot, France",,,France,"
+33 6 79 97 09 38",https://www.aquaparkparisot.fr/
https://www.google.com/maps/place/Aquaboulevard+de+Paris/data=!4m7!3m6!1s0x47e6718b1fbcd4fd:0xa7968d889eb5402a!8m2!3d48.8318042!4d2.2762627!16s%2Fg%2F120hhrtz!19sChIJ_dS8H4tx5kcRKkC1noiNlqc?authuser=0&hl=fr&rclk=1,Aquaboulevard de Paris,Parc aquatique,"
4 Rue Louis Armand, 75015 Paris, France",,,France,"
+33 1 40 60 10 00",https://www.aquaboulevard.fr/
https://www.google.com/maps/place/Parc+d%27Attractions+Aquatic+Landes+%2F+Labenne/data=!4m7!3m6!1s0xd514488fe12707f:0xcb6cf6d5bdb04aed!8m2!3d43.5948793!4d-1.4533072!16s%2Fg%2F1tczx7_d!19sChIJf3AS_ohEUQ0R7UqwvdX2bMs?authuser=0&hl=fr&rclk=1,Parc d'Attractions Aquatic Landes / Labenne,Parc aquatique,"
Route de la Plage, 40530 Labenne, France",,,France,"
+33 5 59 45 60 40",https://www.aquatic-landes.com/?utm_source=google&utm_medium=my-business&utm_campaign=google-my-business
https://www.google.com/maps/place/Parc+aquatique%2F+attractions+Quercyland+-+Lot/data=!4m7!3m6!1s0x12acb6f6462849ab:0x547e19d401988007!8m2!3d44.8886457!4d1.4782183!16s%2Fg%2F113g4ym0_!19sChIJq0koRva2rBIRB4CYAdQZflQ?authuser=0&hl=fr&rclk=1,Parc aquatique/ attractions Quercyland - Lot,Parc aquatique,"
Rue des Ondines, 46200 Souillac, France",,,France,"
+33 5 65 32 72 61",http://www.copeyre.com/
https://www.google.com/maps/place/Water+Circus/data=!4m7!3m6!1s0x478c710c6cde49f9:0x3e0ec11b7d6bb236!8m2!3d46.1726098!4d6.2121724!16s%2Fg%2F11nnv7ycmd!19sChIJ-UnebAxxjEcRNrJrfRvBDj4?authuser=0&hl=fr&rclk=1,Water Circus,Parc aquatique,"
467 Rte du Pont de Zone, 74100 Étrembières, France",,,France,"
+33 4 50 95 57 42",https://www.water-circus.com/
https://www.google.com/maps/place/Parc+aquatique+Wibit/data=!4m7!3m6!1s0x478c02deda07823b:0xc9cc93d919902db2!8m2!3d46.1523953!4d6.6713589!16s%2Fg%2F11dxjn53g0!19sChIJO4IH2t4CjEcRsi2QGdmTzMk?authuser=0&hl=fr&rclk=1,Parc aquatique Wibit,Parc aquatique,"
Sagets, 736 Rte du Lac, 74260 Les Gets, France",,,France,"
+33 4 50 79 81 76",https://www.lesgets.com/que-faire/activites-ete/loisirs-sportifs/wibit/
https://www.google.com/maps/place/Vitam+Parc/data=!4m7!3m6!1s0x478c794d272823eb:0x2c43d7cfd70b6683!8m2!3d46.1238731!4d6.0966886!16s%2Fg%2F11fy1dxbj8!19sChIJ6yMoJ015jEcRg2YL18_XQyw?authuser=0&hl=fr&rclk=1,Vitam Parc,Parc aquatique,"
500 Clos des Chênes, 74160 Neydens, France",,,France,"
+33 4 50 84 66 66",https://vitam.fr/
https://www.google.com/maps/place/TNA+aquaparc/data=!4m7!3m6!1s0x478c0b8646ca11c5:0x1cdf7adb3162676c!8m2!3d46.0837644!4d6.3660522!16s%2Fg%2F11fvgnt6jw!19sChIJxRHKRoYLjEcRbGdiMdt63xw?authuser=0&hl=fr&rclk=1,TNA aquaparc,Parc aquatique,"
110 Chem. du Brachouet, 74800 Arenthon, France",,,France,"
+33 7 59 62 29 95",http://www.tnacablepark.com/
https://www.google.com/maps/place/UCPA+Vitam/data=!4m7!3m6!1s0x478c7958d05d659f:0x6ec31da869d54c1!8m2!3d46.1239595!4d6.0966829!16s%2Fg%2F1tfslws5!19sChIJn2Vd0Fh5jEcRwVSdhtox7AY?authuser=0&hl=fr&rclk=1,UCPA Vitam,Attraction touristique,"
500 Rte des Envignes, 74160 Neydens, France",,,France,"
+33 4 50 84 66 66",http://www.ucpavitam.fr/
https://www.google.com/maps/place/Aquaparc/data=!4m7!3m6!1s0x478e9bff9a80c3bb:0xbaf2ec6cdcfbc93e!8m2!3d46.3895221!4d6.8625021!16s%2Fg%2F122rd4t5!19sChIJu8OAmv-bjkcRPsn73Gzs8ro?authuser=0&hl=fr&rclk=1,Aquaparc,Parc aquatique,"
Rte de la Plage 122, 1897 Port-Valais, Suisse",,,France,"
+41 24 482 00 00",https://www.aquaparc.ch/
https://www.google.com/maps/place/Aquariaz/data=!4m7!3m6!1s0x478ea652003df109:0x98bae861e79d48b5!8m2!3d46.191111!4d6.774266!16s%2Fg%2F11b862zwmz!19sChIJCfE9AFKmjkcRtUid52Houpg?authuser=0&hl=fr&rclk=1,Aquariaz,Centre aquatique,"
142 Rte des Rennes, 74110 Morzine, France",,,France,"
+33 4 50 74 24 42",https://www.avoriaz.com/activites-hiver/centre-aquatique/aquariaz/
https://www.google.com/maps/place/Aquapark+du+Mont+blanc/data=!4m7!3m6!1s0x478bfde23294612b:0xc5c143971aa97d4b!8m2!3d45.9212487!4d6.6591427!16s%2Fg%2F11kg2q2f3d!19sChIJK2GUMuL9i0cRS32pGpdDwcU?authuser=0&hl=fr&rclk=1,Aquapark du Mont blanc,Parc aquatique,"
Lac de, Rte des Lacs, 74190 Passy, France",,,France,"
+33 7 83 67 48 38",https://www.passy-mont-blanc.com/activites/activites-aquatiques/aquapark/
https://www.google.com/maps/place/Base+de+loisirs/data=!4m7!3m6!1s0x478b9db76d66d38f:0x2f662f9352965704!8m2!3d45.8465955!4d5.9665491!16s%2Fg%2F11c6v358xs!19sChIJj9Nmbbedi0cRBFeWUpMvZi8?authuser=0&hl=fr&rclk=1,Base de loisirs,Piscine,"
74150 Rumilly, France",,,France,,
https://www.google.com/maps/place/Espace+aqualudique/data=!4m7!3m6!1s0x478bdd0031afdb33:0xc098d972a25b2223!8m2!3d45.7163546!4d6.4570256!16s%2Fg%2F11w7nsc9m9!19sChIJM9uvMQDdi0cRIyJbonLZmMA?authuser=0&hl=fr&rclk=1,Espace aqualudique,Parc aquatique,"
PF84+GR, 73720 Queige, France",,,France,,
https://www.google.com/maps/place/Aquascope/data=!4m7!3m6!1s0x47fdbd4834180ced:0x87ea688873c2c9af!8m2!3d46.665368!4d0.365437!16s%2Fg%2F11vxv58xs7!19sChIJ7QwYNEi9_UcRr8nCc4ho6oc?authuser=0&hl=fr&rclk=1,Aquascope,Parc aquatique,"
Av. René Monory, 86360 Chasseneuil-du-Poitou, France",,,France,"
+33 5 49 49 23 23",https://www.futuroscope.com/fr/resort/aquascope
https://www.google.com/maps/place/Parc+aquatique+Aqua+Mundo+Center+Parcs+Le+Bois+aux+Daims/data=!4m7!3m6!1s0x47fd61ce839103fb:0xd4ebda7284b88591!8m2!3d47.092859!4d0.000963!16s%2Fg%2F11clytlvdt!19sChIJ-wORg85h_UcRkYW4hHLa69Q?authuser=0&hl=fr&rclk=1,Parc aquatique Aqua Mundo Center Parcs Le Bois aux Daims,Parc aquatique,"
route Des Trois Moutiers, 86120 Morton, France",,,France,"
+33 5 49 22 27 00",https://www.centerparcs.fr/fr-fr/france/fp_BD_vacances-domaine-le-bois-aux-daims/billets-journee
https://www.google.com/maps/place/Aqua+Mundo+du+Bois+aux+Daims/data=!4m7!3m6!1s0x47fd6112c0f095eb:0x56993c0d11af6df5!8m2!3d47.0917518!4d0.012776!16s%2Fg%2F11t_zllh83!19sChIJ65XwwBJh_UcR9W2vEQ08mVY?authuser=0&hl=fr&rclk=1,Aqua Mundo du Bois aux Daims,Centre aquatique,"
86120 Les Trois-Moutiers, France",,,France,,
https://www.google.com/maps/place/L%27%C3%AEle+des+pirates/data=!4m7!3m6!1s0x47fdbdac39b5e99d:0x794f9b13017809c6!8m2!3d46.6248925!4d0.3530161!16s%2Fg%2F11c5blfl9k!19sChIJnem1Oay9_UcRxgl4ARObT3k?authuser=0&hl=fr&rclk=1,L'île des pirates,Terrain de jeu en intérieur,"
17 Av. de Châtellerault, 86440 Migné-Auxances, France",,,France,"
+33 5 49 88 39 90",https://www.gameparc86.fr/ile-des-pirates-plaine-jeux-enfants/
https://www.google.com/maps/place/Futuroscope/data=!4m7!3m6!1s0x47fda33c42dc2de3:0x6676320a3d792873!8m2!3d46.666606!4d0.367439!16zL20vMDR2OWM4!19sChIJ4y3cQjyj_UcRcyh5PQoydmY?authuser=0&hl=fr&rclk=1,Futuroscope,Parc d'attractions,"
Av. René Monory, 86360 Chasseneuil-du-Poitou, France",,,France,"
+33 5 49 49 30 80",https://www.futuroscope.com/
https://www.google.com/maps/place/Center+Parcs+Le+Bois+aux+Daims/data=!4m10!3m9!1s0x47fd61f460da97e7:0x3cf1d7225968800e!5m2!4m1!1i2!8m2!3d47.0927798!4d0.0008727!16s%2Fg%2F11b634wzl2!19sChIJ55faYPRh_UcRDoBoWSLX8Tw?authuser=0&hl=fr&rclk=1,Center Parcs Le Bois aux Daims,,"
route Des Trois Moutiers, 86120 Morton, France",,,France,"
+33 5 49 22 27 00",https://www.centerparcs.fr/fr-fr/france/fp_BD_vacances-le-bois-aux-daims
https://www.google.com/maps/place/Centre+aquatique+de+la+P%C3%A9pini%C3%A8re/data=!4m7!3m6!1s0x47fdbc284a2fbb8d:0xd33dd7aad7009a20!8m2!3d46.594098!4d0.3642396!16s%2Fg%2F113jqk08c!19sChIJjbsvSii8_UcRIJoA16rXPdM?authuser=0&hl=fr&rclk=1,Centre aquatique de la Pépinière,Centre aquatique,"
95 Rue des 2 Communes, 86180 Buxerolles, France",,,France,"
+33 5 49 30 20 45",
https://www.google.com/maps/place/Piscine+Municipale+de+Jaunay-Marigny/data=!4m7!3m6!1s0x47fda3717afb7273:0xb518a86adaf08d06!8m2!3d46.6811876!4d0.3729038!16s%2Fg%2F11h3xqqt4s!19sChIJc3L7enGj_UcRBo3w2mqoGLU?authuser=0&hl=fr&rclk=1,Piscine Municipale de Jaunay-Marigny,Piscine municipale,"
Av. Gérard Girault, 86130 Jaunay-Marigny, France",,,France,,http://www.jaunay-marigny.fr/
https://www.google.com/maps/place/Game+Parc/data=!4m7!3m6!1s0x47fdbdac4b515c59:0x7db99921dc06a0d3!8m2!3d46.6247596!4d0.3530898!16s%2Fg%2F11b5qx2kd3!19sChIJWVxRS6y9_UcR06AG3CGZuX0?authuser=0&hl=fr&rclk=1,Game Parc,Centre de loisirs,"
15 Av. de Châtellerault, 86440 Migné-Auxances, France",,,France,"
+33 5 49 88 39 90",https://www.gameparc86.fr/
https://www.google.com/maps/place/Piscine+de+Bellejouanne/data=!4m7!3m6!1s0x47fd958f47254c87:0xfc7683bb8c48ae99!8m2!3d46.5649703!4d0.31049!16s%2Fg%2F11clyxg9td!19sChIJh0wlR4-V_UcRma5IjLuDdvw?authuser=0&hl=fr&rclk=1,Piscine de Bellejouanne,Piscine couverte,"
3 All. Roger Tagault, 86000 Poitiers, France",,,France,"
+33 5 49 30 22 20",https://www.grandpoitiers.fr/sports/les-piscines/piscine-de-bellejouanne
https://www.google.com/maps/place/Parc+d%27Attractions+Aquatic+Landes+%2F+Labenne/data=!4m7!3m6!1s0xd514488fe12707f:0xcb6cf6d5bdb04aed!8m2!3d43.5948793!4d-1.4533072!16s%2Fg%2F1tczx7_d!19sChIJf3AS_ohEUQ0R7UqwvdX2bMs?authuser=0&hl=fr&rclk=1,Parc d'Attractions Aquatic Landes / Labenne,Parc aquatique,"
Route de la Plage, 40530 Labenne, France",,,France,"
+33 5 59 45 60 40",https://www.aquatic-landes.com/?utm_source=google&utm_medium=my-business&utm_campaign=google-my-business
https://www.google.com/maps/place/Piscine+municipale/data=!4m7!3m6!1s0x47fdbcc0a93fede1:0x2ea2a78a619aae04!8m2!3d46.6551513!4d0.3763853!16s%2Fg%2F1tcwfbk8!19sChIJ4e0_qcC8_UcRBK6aYYqnoi4?authuser=0&hl=fr&rclk=1,Piscine municipale,Piscine municipale,"
Parc des Ecluzelles, Rue Leclanché, 86360 Chasseneuil-du-Poitou, France",,,France,"
+33 5 49 52 80 75",http://www.chasseneuildupoitou.fr/
https://www.google.com/maps/place/Aquazone/data=!4m7!3m6!1s0x47fda577e972238f:0x93364f54efb7e3b0!8m2!3d46.7210852!4d0.4607385!16s%2Fg%2F11s576vn94!19sChIJjyNy6Xel_UcRsOO371RPNpM?authuser=0&hl=fr&rclk=1,Aquazone,,"
PFC6+C7, 86130 Beaumont Saint-Cyr, France",,,France,,
https://www.google.com/maps/place/Aqua+Fun+Libourne/data=!4m7!3m6!1s0xd554bf83d258931:0x72126b9c23ba90b6!8m2!3d44.947822!4d-0.2451271!16s%2Fg%2F11x7w0nkb3!19sChIJMYklPfhLVQ0RtpC6I5xrEnI?authuser=0&hl=fr&rclk=1,Aqua Fun Libourne,Parc aquatique,"
Plage des Dagueys, 33500 Libourne, France",,,France,"
+33 6 84 33 94 16",https://aquafun-park.fr/
https://www.google.com/maps/place/Espace+Aquatique+du+Cubzaguais/data=!4m7!3m6!1s0x480026ebccac5c73:0xd95a63f559488e60!8m2!3d45.0516165!4d-0.3965329!16s%2Fg%2F11css7nxqx!19sChIJc1yszOsmAEgRYI5IWfVjWtk?authuser=0&hl=fr&rclk=1,Espace Aquatique du Cubzaguais,Piscine,"
56 Rue du Stade, 33240 Gauriaguet, France",,,France,"
+33 6 85 52 76 78",https://espaceaquatiqueducubzaguais.com/
https://www.google.com/maps/place/Centre+Aquatique+Serge+Roux/data=!4m7!3m6!1s0xd553193b3df1bd1:0x30719a8734ab8b55!8m2!3d44.9144356!4d-0.42469!16s%2Fg%2F11h4__zczy!19sChIJ0Rvfs5MxVQ0RVYurNIeacTA?authuser=0&hl=fr&rclk=1,Centre Aquatique Serge Roux,Centre aquatique,"
13 Chem. de Nice, 33450 Saint-Loubès, France",,,France,"
+33 5 33 09 59 10",https://www.centreaquatiquesergeroux.fr/
https://www.google.com/maps/place/AquaPark+33/data=!4m7!3m6!1s0xd54e979041c1313:0xecd682a52eb22b5d!8m2!3d44.6567985!4d-0.8217127!16s%2Fg%2F11b77sttcf!19sChIJExMcBHnpVA0RXSuyLqWC1uw?authuser=0&hl=fr&rclk=1,AquaPark 33,Parc aquatique,"
AquaPark Lakecity, 108 Rte du Barp, 33380 Mios, France",,,France,"
+33 6 40 65 11 71",http://www.aquapark33.fr/
https://www.google.com/maps/place/Aquapark+Biscarrosse/data=!4m7!3m6!1s0xd5481f19cf56803:0xc2e76c2fcaccb927!8m2!3d44.456426!4d-1.1987687!16s%2Fg%2F1ts3mj7c!19sChIJA2j1nPGBVA0RJ7nMyi9s58I?authuser=0&hl=fr&rclk=1,Aquapark Biscarrosse,Parc aquatique,"
Port, 18 Chem. de Maguide, 40600 Biscarrosse, France",,,France,"
+33 5 64 57 01 31",https://www.aquapark.fr/
https://www.google.com/maps/place/SPLASH+PARK+LACANAU/data=!4m7!3m6!1s0x4801fdfd71caf115:0x8a36d84b77d4451a!8m2!3d45.001213!4d-1.137127!16s%2Fg%2F1tfk8cwk!19sChIJFfHKcf39AUgRGkXUd0vYNoo?authuser=0&hl=fr&rclk=1,SPLASH PARK LACANAU,Parc aquatique,"
90 Av. de la Plage, 33680 Lacanau, France",,,France,"
+33 6 35 44 39 79",https://splash-park.fr/
https://www.google.com/maps/place/Aquapark+Bombannes+Aventures+by+UCPA/data=!4m7!3m6!1s0x4801fb85b3af5255:0xc4febaff4bdb60a3!8m2!3d45.099792!4d-1.1414302!16s%2Fg%2F11f7r7rqcq!19sChIJVVKvs4X7AUgRo2DbS_-6_sQ?authuser=0&hl=fr&rclk=1,Aquapark Bombannes Aventures by UCPA,Parc aquatique,"
Domaine de Bombannes, 33121 Carcans, France",,,France,"
+33 5 57 70 12 17",http://marketplace.awoo.fr/563/shop/Par/Site/UCPANautique
https://www.google.com/maps/place/Aquapark+Bazas/data=!4m7!3m6!1s0xd5577095dacf901:0xa6e89e2a2d251076!8m2!3d44.4282897!4d-0.1944259!16s%2Fg%2F11v5h8p_70!19sChIJAfmsXQl3VQ0RdhAlLSqe6KY?authuser=0&hl=fr&rclk=1,Aquapark Bazas,Parc,"
Le Croy, Migot, 33430 Bazas, France",,,France,"
+33 7 71 06 96 01",https://www.aventures-sudgironde.fr/aquapark/
https://www.google.com/maps/place/Aventures+Sud+Gironde/data=!4m7!3m6!1s0xd55765012fc39b7:0x6affa5def14e87a1!8m2!3d44.428117!4d-0.195982!16s%2Fg%2F11dym1_gq9!19sChIJtzn8ElB2VQ0RoYdO8d6l_2o?authuser=0&hl=fr&rclk=1,Aventures Sud Gironde,Parc de loisirs,"
185 Migot, 33430 Bazas, France",,,France,"
+33 7 71 06 96 01",http://aventures-sudgironde.fr/
https://www.google.com/maps/place/WAM+PARK+-+Bordeaux+Nord+-+Avensan/data=!4m7!3m6!1s0x4801d9d4b516b1d3:0xb82ad919cb4bb115!8m2!3d45.0409393!4d-0.726861!16s%2Fg%2F1tdbkc1n!19sChIJ07EWtdTZAUgRFbFLyxnZKrg?authuser=0&hl=fr&rclk=1,WAM PARK - Bordeaux Nord - Avensan,Parc aquatique,"
4 route de Casalié, Lac de Casalié, 33480 Avensan, France",,,France,"
+33 5 47 74 52 10",https://www.wampark.fr/base/bordeaux-nord-avensan/
https://www.google.com/maps/place/Arbor+Et+Sens/data=!4m7!3m6!1s0xd553c48bcf8d8c3:0x5fa40a1cf445eab8!8m2!3d44.7449735!4d-0.3994691!16s%2Fg%2F1tlnfs53!19sChIJw9j4vEg8VQ0RuOpF9BwKpF8?authuser=0&hl=fr&rclk=1,Arbor Et Sens,Parc d'attractions,"
Bois de Mauquey, D121, 33670 Saint-Genès-de-Lombaud, France",,,France,"
+33 6 99 74 45 67",http://www.arbor-et-sens.fr/
https://www.google.com/maps/place/Stade+Nautique+et+Remise+en+Forme+Pessac/data=!4m7!3m6!1s0xd54d8dfecc99931:0xda9643a4e6b9198!8m2!3d44.8008063!4d-0.6435655!16s%2Fg%2F1tgc12w8!19sChIJMZnJ7N_YVA0RmJFrTjpkqQ0?authuser=0&hl=fr&rclk=1,Stade Nautique et Remise en Forme Pessac,Centre aquatique,"
13 Av. des Aciéries, 33600 Pessac, France",,,France,"
+33 5 56 07 35 84",https://www.stadenautique-de-pessac.fr/
https://www.google.com/maps/place/AquaFun%27+Park/data=!4m7!3m6!1s0x12aa7979671cd51f:0xf652172a17b11abf!8m2!3d44.2955424!4d0.0713565!16s%2Fg%2F11clwly6jy!19sChIJH9UcZ3l5qhIRvxqxFyoXUvY?authuser=0&hl=fr&rclk=1,AquaFun' Park,Parc aquatique,"
Route de Mont de Marsan, Lac de Clarens, 47700 Casteljaloux, France",,,France,"
+33 6 20 80 83 32",http://aquafunparkclarens.fr/
